{
	"09L_1.25R": {
    "viscocidad": 0.28,
    "Ty": [
      2440.53,
      20122.8539,
      34514.5968,
      44913.555,
      51685.2669,
      55789.03,
      58081.95,
      59176.47
    ],
    "Ap": 0.00015325,
    "Ag": 0.00003191,
    "h": 0.00125,
    "L": 0.009
  },
  "07L_1.75R": {
    "viscocidad": 0.28,
    "Ty": [
      2440.53,
      20122.8539,
      34514.5968,
      44913.555,
      51685.2669,
      55789.03,
      58081.95,
      59176.47
    ],
    "Ap": 0.0001382,
    "Ag": 0.00004696,
    "h": 0.00175,
    "L": 0.007
  },
  "2F_09L_1.25R": {
    "viscocidad": 0.042,
    "Ty": [
      2440.53,
      20122.8539,
      34514.5968,
      44913.555,
      51685.2669,
      55789.03,
      58081.95,
      59176.47
    ],
    "Ap": 0.00015325,
    "Ag": 0.00003191,
    "h": 0.00125,
    "L": 0.009
  },
  "2F_07L_1.75R": {
    "viscocidad": 0.042,
    "Ty": [
      2440.53,
      20122.8539,
      34514.5968,
      44913.555,
      51685.2669,
      55789.03,
      58081.95,
      59176.47
    ],
    "Ap": 0.0001382,
    "Ag": 0.00004696,
    "h": 0.00175,
    "L": 0.007
  }
}