{
  "03L_1.0R": {
    "viscocidad": 0.28,
    "Ty": [
      2440.53,
      20122.8539,
      34514.5968,
      44913.555,
      51685.2669,
      55789.03,
      58081.95,
      59176.47
    ],
    "Ap": 0.00016029,
    "Ag": 0.00002487,
    "h": 0.0010,
    "L": 0.006
  }
}