{
  "03L_1.0R": {
    "viscocidad": 0.28,
    "Ty": [
      2440.53,
      20122.8539,
      34514.5968,
      44913.555,
      51685.2669,
      55789.03,
      58081.95,
      59176.47
    ],
    "Ap": 0.00016029,
    "Ag": 0.00002487,
    "h": 0.0010,
    "L": 0.006
  },
  "03L_1.5R": {
    "viscocidad": 0.28,
    "Ty": [
      2440.53,
      20122.8539,
      34514.5968,
      44913.555,
      51685.2669,
      55789.03,
      58081.95,
      59176.47
    ],
    "Ap": 0.00014589,
    "Ag": 0.00003927,
    "h": 0.0015,
    "L": 0.006
  },
  "03L_2.0R": {
    "viscocidad": 0.28,
    "Ty": [
      2440.53,
      20122.8539,
      34514.5968,
      44913.555,
      51685.2669,
      55789.03,
      58081.95,
      59176.47
    ],
    "Ap": 0.00013018,
    "Ag": 0.00005498,
    "h": 0.0020,
    "L": 0.006
  },
  "08L_1.0R": {
    "viscocidad": 0.28,
    "Ty": [
      2440.53,
      20122.8539,
      34514.5968,
      44913.555,
      51685.2669,
      55789.03,
      58081.95,
      59176.47
    ],
    "Ap": 0.00016029,
    "Ag": 0.00002487,
    "h": 0.0010,
    "L": 0.008
  },
  "08L_1.5R": {
    "viscocidad": 0.28,
    "Ty": [
      2440.53,
      20122.8539,
      34514.5968,
      44913.555,
      51685.2669,
      55789.03,
      58081.95,
      59176.47
    ],
    "Ap": 0.00014589,
    "Ag": 0.00003927,
    "h": 0.0015,
    "L": 0.008
  },
  "08L_2.0R": {
    "viscocidad": 0.28,
    "Ty": [
      2440.53,
      20122.8539,
      34514.5968,
      44913.555,
      51685.2669,
      55789.03,
      58081.95,
      59176.47
    ],
    "Ap": 0.00013018,
    "Ag": 0.00005498,
    "h": 0.0020,
    "L": 0.008
  },
  "10L_1.0R": {
    "viscocidad": 0.28,
    "Ty": [
      2440.53,
      20122.8539,
      34514.5968,
      44913.555,
      51685.2669,
      55789.03,
      58081.95,
      59176.47
    ],
    "Ap": 0.00016029,
    "Ag": 0.00002487,
    "h": 0.0010,
    "L": 0.010
  },
  "10L_1.5R": {
    "viscocidad": 0.28,
    "Ty": [
      2440.53,
      20122.8539,
      34514.5968,
      44913.555,
      51685.2669,
      55789.03,
      58081.95,
      59176.47
    ],
    "Ap": 0.00014589,
    "Ag": 0.00003927,
    "h": 0.0015,
    "L": 0.010
  },
  "10L_2.0R": {
    "viscocidad": 0.28,
    "Ty": [
      2440.53,
      20122.8539,
      34514.5968,
      44913.555,
      51685.2669,
      55789.03,
      58081.95,
      59176.47
    ],
    "Ap": 0.00013018,
    "Ag": 0.00005498,
    "h": 0.0020,
    "L": 0.010
  },
  "2F_03L_1.0R": {
    "viscocidad": 0.042,
    "Ty": [
      779.93,
      21101.58,
      30174.10,
      33500,
      33500,
      33500,
      33500
    ],
    "Ap": 0.00016029,
    "Ag": 0.00002487,
    "h": 0.0010,
    "L": 0.006
  },
  "2F_03L_1.5R": {
    "viscocidad": 0.042,
    "Ty": [
      779.93,
      21101.58,
      30174.10,
      33500,
      33500,
      33500,
      33500
    ],
    "Ap": 0.00014589,
    "Ag": 0.00003927,
    "h": 0.0015,
    "L": 0.006
  },
  "2F_03L_2.0R": {
    "viscocidad": 0.042,
    "Ty": [
      779.93,
      21101.58,
      30174.10,
      33500,
      33500,
      33500,
      33500
    ],
    "Ap": 0.00013018,
    "Ag": 0.00005498,
    "h": 0.0020,
    "L": 0.006
  },
  "2F_08L_1.0R": {
    "viscocidad": 0.042,
    "Ty": [
      779.93,
      21101.58,
      30174.10,
      33500,
      33500,
      33500,
      33500
    ],
    "Ap": 0.00016029,
    "Ag": 0.00002487,
    "h": 0.0010,
    "L": 0.008
  },
  "2F_08L_1.5R": {
    "viscocidad": 0.042,
    "Ty": [
      779.93,
      21101.58,
      30174.10,
      33500,
      33500,
      33500,
      33500
    ],
    "Ap": 0.00014589,
    "Ag": 0.00003927,
    "h": 0.0015,
    "L": 0.008
  },
  "2F_08L_2.0R": {
    "viscocidad": 0.042,
    "Ty": [
      779.93,
      21101.58,
      30174.10,
      33500,
      33500,
      33500,
      33500
    ],
    "Ap": 0.00013018,
    "Ag": 0.00005498,
    "h": 0.0020,
    "L": 0.008
  },
  "2F_10L_1.0R": {
    "viscocidad": 0.042,
    "Ty": [
      779.93,
      21101.58,
      30174.10,
      33500,
      33500,
      33500,
      33500
    ],
    "Ap": 0.00016029,
    "Ag": 0.00002487,
    "h": 0.0010,
    "L": 0.010
  },
  "2F_10L_1.5R": {
    "viscocidad": 0.042,
    "Ty": [
      779.93,
      21101.58,
      30174.10,
      33500,
      33500,
      33500,
      33500
    ],
    "Ap": 0.00014589,
    "Ag": 0.00003927,
    "h": 0.0015,
    "L": 0.010
  },
  "2F_10L_2.0R": {
    "viscocidad": 0.042,
    "Ty": [
      779.93,
      21101.58,
      30174.10,
      33500,
      33500,
      33500,
      33500
    ],
    "Ap": 0.00013018,
    "Ag": 0.00005498,
    "h": 0.0020,
    "L": 0.010
  }
}