{
  "A": {
    "viscocidad": 0.28,
    "Ty": [
      2440.53,
      20122.8539,
      34514.5968,
      44913.555,
      51685.2669,
      55789.03,
      58081.95,
      59176.47
    ],
    "Ap": 0.00017357,
    "Ag": 0.00002749,
    "h": 0.0015,
    "L": 0.006
  },
  "B": {
    "viscocidad": 0.28,
    "Ty": [
      2440.53,
      20122.8539,
      34514.5968,
      44913.555,
      51685.2669,
      55789.03,
      58081.95,
      59176.47
    ],
    "Ap": 0.00017357,
    "Ag": 0.00002749,
    "h": 0.0015,
    "L": 0.01
  },
  "C": {
    "viscocidad": 0.28,
    "Ty": [
      2440.53,
      20122.8539,
      34514.5968,
      44913.555,
      51685.2669,
      55789.03,
      58081.95,
      59176.47
    ],
    "Ap": 0.00014608,
    "Ag": 0.00005498,
    "h": 0.0025,
    "L": 0.006
  },
  "D": {
    "viscocidad": 0.042,
    "Ty": [
      779.9335,
      21101.58,
      30174.109,
      33500,
      33500,
      33500,
      33500,
      33500
    ],
    "Ap": 0.00017357,
    "Ag": 0.00002749,
    "h": 0.0015,
    "L": 0.006
  },
   "E": {
    "viscocidad": 0.28,
    "Ty": [
      2440.53,
      20122.8539,
      34514.5968,
      44913.555,
      51685.2669,
      55789.03,
      58081.95,
      59176.47
    ],
    "Ap": 0.00017357,
    "Ag": 0.00002749,
    "h": 0.0015,
    "L": 0.006
  }
}